id,title,description,content,url,source_name,category,country,published_at,collected_at,author
미국 전체_0,Hundreds airlifted from storm-battered Western Alaska villages in historic mass evacuation - Anchorage Daily News,"The Alaska Airlines Center arena at the University of Alaska Anchorage will shelter 300 displaced residents starting Wednesday evening, the American Red Cross said.","Residents of Kipnuk evacuate their community on Wednesday, Oct. 15, 2025 after the remnants of Typhoon Halong rendered most of the homes uninhabitable. (Courtesy Jacqui Lang) 
Hundreds of people wer… [+8526 chars]...",https://www.adn.com/alaska-news/rural-alaska/2025/10/15/large-scale-evacuations-underway-from-storm-battered-western-alaska-villages/,Anchorage Daily News,미국 전체,us,2025-10-16T03:56:15Z,2025-10-17T17:57:54.876110,Michelle Theriault Boots
미국 전체_1,"Blue Jays crash Mariners' party, winning Game 3 in emphatic fashion - The Seattle Times","Game on, and on to Game 4. Toronto crushed Seattle at home as the ALCS continues on Thursday.","Game on, and on to Game 4.
That was the sentiment coming from the Mariners’ clubhouse late Wednesday after the Toronto Blue Jays rocked George Kirby and climbed back into this best-of-seven American… [+5677 chars]...",https://www.seattletimes.com/sports/mariners/alcs-mariners-get-rocked-in-game-3-as-blue-jays-climb-back-into-series/,The Seattle Times,미국 전체,us,2025-10-16T03:05:47Z,2025-10-17T17:57:54.876132,Adam Jude
미국 전체_2,"Hamas reasserts control on streets of Gaza, turning guns on its rivals - The Washington Post","Amid the ceasefire with Israel, Hamas is sending a message that it remains the only visible authority in Gaza, with huge implications for Trump’s peace plan.","JERUSALEM They blindfolded eight men accused of collaborating with Israel, made them kneel and executed them at point-blank range on a busy street in Gaza City. They sent jeeps filled with fighters t… [+125 chars]...",https://www.washingtonpost.com/world/2025/10/15/gaza-hamas-control-clans-ceasefire/,The Washington Post,미국 전체,us,2025-10-16T03:00:13Z,2025-10-17T17:57:54.876138,"Gerry Shih, Ari Flanzraich, Hazem Balousha"
미국 전체_3,Brown University rejects Trump administration’s compact - The Hill,"Brown University has rejected the Trump administration’s proposed compact, which would have required the university to make changes to its campus policies in exchange for an advantage in receiving federal funds. In a Wednesday letter to Education Secretary Li…","Skip to content
Brown University has rejected the Trump administration’s proposed compact, which would have required the university to make changes to its campus policies in exchange for an advantag… [+2931 chars]...",https://thehill.com/homenews/education/5557914-brown-university-rejects-trump-compact/,The Hill,미국 전체,us,2025-10-16T02:28:00Z,2025-10-17T17:57:54.876143,Max Rego
미국 전체_4,"CDC scientist let go during shutdown says ""it's truly like an episode of 'Squid Games'"" - CBS News","""They went in and fired entire programs, even statutorily mandated by law programs they cut entirely,"" she told CBS News. ""So there is no staff to do this work anymore.""","Washington — A scientist laid off by the U.S. Centers for Disease Control and Prevention said ""the everyday American should be very concerned"" by reductions in force amid the government shutdown.
Th… [+5463 chars]...",https://www.cbsnews.com/news/cdc-scientist-let-go-during-shutdown-says-its-truly-like-an-episode-of-squid-games/,CBS News,미국 전체,us,2025-10-16T02:14:00Z,2025-10-17T17:57:54.876146,"Michael  Kaplan, Caitlin  Huey-Burns, Dr. Céline  Gounder"
미국 전체_5,Britney Spears Fires Back at Kevin Federline’s Memoir Accusations: ‘I Have Had Enough’ - Rolling Stone,"Britney Spears is speaking out against Kevin Federline's allegations, accusing him of ""constant gaslighting"" that has become ""extremely hurtful.""","In an except of Kevin Federline‘s upcoming tell-all memoir, You Thought You Know, the dancer and ex-husband of Britney Spearsissued a warning regarding the pop star and their sons, Sean Preston, 20, … [+3229 chars]...",http://www.rollingstone.com/music/music-news/britney-spears-kevin-federline-memoir-response-1235448283/,Rolling Stone,미국 전체,us,2025-10-16T01:32:54Z,2025-10-17T17:57:54.876149,Charisma Madarang
미국 전체_6,Doctors Without Borders permanently closes its emergency center in Haiti’s capital - AP News,Doctors Without Borders says that ongoing violence in Haiti has forced it to permanently close its emergency care center in Port-au-Prince. It has been a key lifeline in Haiti’s capital that is now 90% controlled by gangs. Wednesday's announcement is a blow t…,"PORT-AU-PRINCE, Haiti (AP) Doctors Without Borders said Wednesday that ongoing violence in the capital of Haiti has forced it to permanently close its Port-au-Prince emergency care center, which had … [+1734 chars]...",https://apnews.com/article/haiti-msf-doctors-without-borders-center-closes-violence-68595071309e258e9c67ca233eb31822,Associated Press,미국 전체,us,2025-10-16T00:40:00Z,2025-10-17T17:57:54.876153,
미국 전체_7,"Keegan Murray agrees to massive five-year, $140 million Kings contract extension - New York Post","Kings forward Keegan Murray agreed to a five-year, $140 million rookie contract extension with Sacramento on Wednesday.","Keegan Murray’s injury is not stopping him from getting paid. 
The Kings forward agreed to a five-year, $140 million rookie contract extension with Sacramento on Wednesday, ESPN NBA insider Shams Ch… [+1754 chars]...",https://nypost.com/2025/10/15/sports/kings-keegan-murray-agrees-to-five-year-140-million-contract-extension/,New York Post,미국 전체,us,2025-10-16T00:35:00Z,2025-10-17T17:57:54.876156,Andrew Battifarano
미국 전체_8,Penn State Interim Coach Had Brutally Honest Message About James Franklin Firing - Sports Illustrated,It's been a tough week for Penn State amid the firing of James Franklin.,"Penn State interim coach Terry Smith is not sugarcoating the aftermath of the program firing coachJames Franklin over the weekend. Less than two months ago, the Nittany Lions were ranked No. 2 in the… [+2516 chars]...",https://www.si.com/college-football/penn-state-interim-coach-brutally-honest-message-james-franklin-firing,Sports Illustrated,미국 전체,us,2025-10-16T00:16:39Z,2025-10-17T17:57:54.876158,Eva Geitheim
미국 전체_9,SCOTUS may erode a key Voting Rights Act tenet. What to know about the law - Axios,The court's decision could gut the Voting Rights Act and reshape how race is considered in redistricting.,"<ul><li>If it guts one of the last federal protections for Black political power, it would undo decades of hard-won gains born out of the violence of Jim Crow, per Axios' Delano Massey.</li><li>Limit… [+4693 chars]...",https://www.axios.com/2025/10/15/supreme-court-voting-rights-act-trump-louisiana,Axios,미국 전체,us,2025-10-15T23:53:56Z,2025-10-17T17:57:54.876160,Jason Lalljee
미국 전체_10,Government publishes key witness statements in collapsed China spy case - BBC,"The government's deputy national security adviser warned in 2023 that China was carrying out ""large scale espionage"" activities against the UK.","Christopher Cash (left) and Christopher Berry (right) were both accused of spying for China
The government's deputy national security adviser warned in 2023 China was carrying out ""large scale espio… [+7663 chars]...",https://www.bbc.com/news/articles/c0ex172rxwzo,BBC News,미국 전체,us,2025-10-15T23:43:42Z,2025-10-17T17:57:54.876162,
미국 전체_11,Ontario premier criticizes Trump after Stellantis says it will move production from Canada to the US - AP News,"Ontario Premier Doug Ford has called for economic retaliation against the U.S. after Stellantis decided to move Jeep Compass production from Canada to the U.S. Ford blames U.S. President Donald Trump for the move, which affects workers in Brampton, Ontario. T…",TORONTO (AP) The leader of Canadas most populous province called for economic retaliation on the U.S. after auto company Stellantis said it was moving planned production of its Jeep Compass from Cana… [+3610 chars]...,https://apnews.com/article/canada-stellantis-ontario-trump-0313f7c512195195c6521fccbefd9dd3,Associated Press,미국 전체,us,2025-10-15T23:07:00Z,2025-10-17T17:57:54.876166,Rob Gillies
미국 전체_12,6 highlights from Netanyahu's interview with CBS News - CBS News,Netanyahu discussed the Gaza peace plan and defended Israel's actions in the region.,"Israeli Prime Minister Benjamin Netanyahu says he's prepared to ""give peace a chance"" — but ""the way you purchase peace is through strength,"" he told ""CBS Mornings"" co-host Tony Dokoupil Tuesday in T… [+6756 chars]...",https://www.cbsnews.com/news/highlights-benjamin-netanyahu-interview-cbs-news/,CBS News,미국 전체,us,2025-10-15T22:46:04Z,2025-10-17T17:57:54.876172,"Caitlin  Yilek, Joe  Walsh"
미국 전체_13,All the Stars at the 2025 Victoria’s Secret Fashion Show - Vogue,Celebrities came out in droves to watch the angel-winged Victoria’s Secret models walk down the runway.,"The 2025 Victorias Secret Fashion Show is happening! Tonight, the star-studded runway is taking over the Brooklyn Navy Yard, where top models such as Adriana Lima, Gigi Hadid, Anok Yai, and Paloma El… [+895 chars]...",https://www.vogue.com/slideshow/all-the-stars-at-the-2025-victorias-secret-fashion-show,Vogue,미국 전체,us,2025-10-15T22:33:47Z,2025-10-17T17:57:54.876174,Christian Allaire
미국 전체_14,Democrats float a new shutdown demand: Reversing Trump's mass firings - Politico,"Even as the courts step in, some lawmakers want workers protected in any standoff-ending deal.","Negotiating the fates of those workers could further complicate the path out of the shutdown, with Democrats already demanding the extension of key expiring health insurance subsidies and an end to T… [+4955 chars]...",https://www.politico.com/news/2025/10/15/democrats-float-rif-reversals-as-shutdown-demand-00610498,Politico,미국 전체,us,2025-10-15T22:30:00Z,2025-10-17T17:57:54.876176,"Nicholas Wu, Mia McCarthy"
미국 기술_0,Nintendo issues statement on recent claim that it was hacked - Nintendo Everything,Nintendo has put out a statement about the nature of a hack following recent claims.,"Following recent reports, Nintendo has issued a statement regarding claims that the company was hacked.
You may have heard about this a few days ago. Crimson Collective, which previously hacked soft… [+1077 chars]...",https://nintendoeverything.com/nintendo-issues-statement-on-recent-claim-that-it-was-hacked/,Nintendoeverything.com,미국 기술,us,2025-10-16T00:05:01Z,2025-10-17T17:57:55.207364,Brian
미국 기술_1,Apple’s Head of ChatGPT-Like AI Search Effort to Leave for Meta - Bloomberg.com,"The Apple Inc. executive leading an effort to develop AI-driven web search is stepping down, marking the latest in a string of high-profile exits from the company’s artificial intelligence division.","The Apple Inc. executive leading an effort to develop AI-driven web search is stepping down, marking the latest in a string of high-profile exits from the companys artificial intelligence division.
… [+347 chars]...",https://www.bloomberg.com/news/articles/2025-10-15/apple-s-newly-tapped-head-of-chatgpt-like-ai-search-effort-to-leave-for-meta,Bloomberg,미국 기술,us,2025-10-15T22:57:51Z,2025-10-17T17:57:55.207382,Mark Gurman
미국 기술_2,"Once unthinkable, NASA and Lockheed now consider launching Orion on other rockets - Ars Technica","“We’re trying to crawl, then walk, then run into our reuse strategy.”…",,https://arstechnica.com/space/2025/10/once-unthinkable-nasa-and-lockheed-now-consider-launching-orion-on-other-rockets/,Ars Technica,미국 기술,us,2025-10-15T20:22:24Z,2025-10-17T17:57:55.207385,Eric Berger
미국 기술_3,Gemini 3.0 Pro upgrade notice appears as Google nears public release - testingcatalog.com,"Google prepares to upgrade users to Gemini 3.0 Pro on its official site, hinting at an upcoming rollout with advanced performance for developers.","Googles gradual unveiling of Gemini 3.0 Pro has reached a new stage, as the official Gemini website now displays a clear disclaimer stating users have been upgraded to 3.0 Pro, our smartest model yet… [+1856 chars]...",https://www.testingcatalog.com/gemini-3-0-pro-upgrade-notice-appears-as-google-nears-public-release/,Testingcatalog.com,미국 기술,us,2025-10-15T20:20:32Z,2025-10-17T17:57:55.207388,Alexey Shabanov
미국 기술_4,Google rolling out Android 16 QPR2 Beta 3 for Pixel - 9to5Google,The Android 16 Beta Program should be nearing completion with QPR2 Beta 3 for Google Pixel devices now available.,"The Android 16 Beta Program should be nearing completion with QPR2 Beta 3 for Google Pixel devices now available.
Heres everything new in Android 16 QPR2 Beta 3 [Gallery]
Quarterly Platform Release… [+2847 chars]...",http://9to5google.com/2025/10/15/android-16-qpr2-beta-3-pixel/,9to5google.com,미국 기술,us,2025-10-15T20:04:00Z,2025-10-17T17:57:55.207390,Abner Li
미국 기술_5,Sarah Bond Shows Off Where Microsoft Is 'Prototyping For The Next Generation Of Xbox' - Pure Xbox,"""This is where the team is actually designing, prototyping and testing""","There's been a lot of talk recently about the next generation of Xbox and whether Microsoft might even cancel its next-gen console(s), but a new walkthrough of the hardware labs suggests Team Xbox is… [+1491 chars]...",https://www.purexbox.com/news/2025/10/sarah-bond-shows-off-where-microsoft-is-prototyping-for-the-next-generation-of-xbox,Pure Xbox,미국 기술,us,2025-10-15T18:04:46Z,2025-10-17T17:57:55.207393,Fraser Gilbert
미국 기술_6,New PvZ Replanted Trailer Is Very Cringey And Not Good - Kotaku,"I never want to hear from SpudBoi or NoCapShroom ever again, thank you very much","When I hit play on EA’s new “deep dive” trailer for the upcoming Plants vs Zombies Replanted, I didn’t expect to be presented with a fake stream featuring two actors pretending to be hip and cool con… [+2166 chars]...",https://kotaku.com/new-plants-vs-zombies-remastered-replanted-trailer-cringe-fake-twitch-stream-2000635689,Kotaku,미국 기술,us,2025-10-15T17:39:02Z,2025-10-17T17:57:55.207397,Zack Zwiezen
미국 기술_7,PlayStation Plus Extra/Premium Games For October 2025 Include One Of The Best Horror Games Of All Time - GameSpot,"We hope you're wearing your brown pants, because these new additions to the PS Plus Game Catalog are frightfully good.",GameSpot may receive revenue from affiliate and advertising partnerships for sharing this content and from purchases through links....,https://www.gamespot.com/gallery/playstation-plus-extra-premium-games-for-october-2025-include-one-of-the-best-horror-games-of-all-time/2900-7135/,GameSpot,미국 기술,us,2025-10-15T17:16:53Z,2025-10-17T17:57:55.207401,Darryn Bonthuys
미국 기술_8,Pokemon Legends: Z-A datamine reveals returning Pokemon and new Mega Evolutions for DLC - Nintendo Everything,"Pokemon Legends: Z-A has started to launch (at least in some regions), and now that the full game is here, we have a look at returning Pokemon and forms as well as Pokemon receiving new forms in the upcoming Mega Dimension DLC. This comes thanks to a new data…","Pokemon Legends: Z-A has started to launch (at least in some regions), and now that the full game is here, we have a look at returning Pokemon and forms as well as Pokemon receiving new forms in the … [+902 chars]...",https://nintendoeverything.com/pokemon-legends-z-a-datamine-reveals-returning-pokemon-and-new-mega-evolutions-for-dlc/,Nintendoeverything.com,미국 기술,us,2025-10-15T17:14:30Z,2025-10-17T17:57:55.207406,Brian
미국 기술_9,"Apple Launches iPad Pro, Vision Pro and MacBook Pro With M5 Chip - Bloomberg.com","Apple Inc. rolled out updated versions of the iPad Pro, Vision Pro and entry-level MacBook Pro with the new M5 chip, refreshing the products just ahead of the all-important holiday season.","Apple Inc. rolled out updated versions of the iPad Pro, Vision Pro and entry-level MacBook Pro with the new M5 chip, refreshing the products just ahead of the all-important holiday season.
All three… [+249 chars]...",https://www.bloomberg.com/news/articles/2025-10-15/apple-updates-ipad-pro-macbook-pro-vision-pro-with-its-m5-chip,Bloomberg,미국 기술,us,2025-10-15T16:12:22Z,2025-10-17T17:57:55.207408,Chris Welch
미국 기술_10,Google’s AI videos get a big upgrade with Veo 3.1 - Ars Technica,Veo 3.1 is coming to the Gemini app and the Flow filmmaking tool.,,https://arstechnica.com/google/2025/10/googles-ai-videos-get-a-big-upgrade-with-veo-3-1/,Ars Technica,미국 기술,us,2025-10-15T16:00:51Z,2025-10-17T17:57:55.207410,Ryan Whitwam
미국 기술_11,"Review: BALL x PIT (Switch) - Ballsy, Beautifully Balanced, Mercilessly Addictive - Nintendo Life",Bouncing off the walls,"Captured on Nintendo Switch (Handheld/Undocked)
Here comes a ball a great big wrecking ball, ready to smash down the headquarters of productivity that might otherwise control your life. Kenny Sun St… [+5328 chars]...",https://www.nintendolife.com/reviews/nintendo-switch/ball-x-pit,Nintendo Life,미국 기술,us,2025-10-15T16:00:00Z,2025-10-17T17:57:55.207413,Nintendo Life
미국 기술_12,Microsoft Suddenly Offers Windows 10 Update In Store—Buy Now - Forbes,"You can now get this in store, if you want to keep using Windows 10.","ESU on sale now if you need it.
NurPhoto via Getty Images
If Microsofts free Windows 10 security updates are not for you, then you can now buy the updates instead from its store. Unlike the free op… [+1906 chars]...",https://www.forbes.com/sites/zakdoffman/2025/10/15/microsoft-suddenly-offers-windows-10-update-in-store-buy-now/,Forbes,미국 기술,us,2025-10-15T15:06:54Z,2025-10-17T17:57:55.207415,Zak Doffman
미국 기술_13,The Super Hero Team-based PVP Shooter - Marvel Rivals,Play for free Now! Get ready to Ignite the Battle with Marvel Rivals!,"Greetings, Rivals!We're thrilled to announce the upcoming patch drops on October 16th, 2025, at 09:00:00 (UTC)! This update will be deployed seamlessly, with no server downtime required! Simply log i… [+2043 chars]...",https://www.marvelrivals.com/gameupdate/20251015/41548_1264918.html,Marvelrivals.com,미국 기술,us,2025-10-15T14:27:07Z,2025-10-17T17:57:55.207417,
미국 기술_14,How Sam Altman Played Hollywood With OpenAI's Sora 2 - The Hollywood Reporter,OpenAI’s CEO brazenly regurgitated major studios’ characters to allow video app Sora 2 to spit out clips tailor-made for users. Insiders at the major agencies are alarmed — and some wonder whether the studios are doing enough.,"No one knew what was going on. It was late September, just days before OpenAI rolled out a new social media app for its video generator, Sora, and whispers were swirling of changes that would undercu… [+8765 chars]...",http://www.hollywoodreporter.com/business/business-news/sam-altman-openai-sora-agencies-talent-1236401618/,Hollywood Reporter,미국 기술,us,2025-10-15T13:52:34Z,2025-10-17T17:57:55.207420,Winston Cho
미국 기술_15,‘Borderlands 4’ Is On Sale After A Month As It Trails ‘Borderlands 3’ - Forbes,"Borderlands 4 is on sale on Steam right now, and it's pretty clear that it is still underperforming Borderlands 3.","As of this week, Borderlands 4 is on sale on Steam in many regions, 20% off, down from $70 to $56.
Players have noted that this is just a month after launch, and that it seems to contradict somethin… [+2633 chars]...",https://www.forbes.com/sites/paultassi/2025/10/15/borderlands-4-is-on-sale-after-a-month-as-it-trails-borderlands-3/,Forbes,미국 기술,us,2025-10-15T13:44:55Z,2025-10-17T17:57:55.207422,Paul Tassi
미국 기술_16,Google will let friends help you recover an account - The Verge,Google is introducing new recovery tools that aim to make it less frustrating to regain access when you’re locked out of your account.,"<ul><li></li><li></li><li></li></ul>
The Recovery Contacts feature allows you to designate someone who can verify your identity to regain account access.
The Recovery Contacts feature allows you to… [+2879 chars]...",https://www.theverge.com/news/799780/google-account-recovery-trusted-contacts-mobile-number,The Verge,미국 기술,us,2025-10-15T13:00:00Z,2025-10-17T17:57:55.207426,Jess Weatherbed
미국 기술_17,Battlefield 6 sells over 7m units across PC and console in five days - GamesIndustry.biz,Data shared exclusively with GamesIndustry.biz also reveals Steam leads player count with a 55% share,"Battlefield 6 has sold over seven million units across all platforms in five days, according to data shared exclusively with GamesIndustry.biz.
Alinea Analytics estimates that Battlefield 6 has gene… [+1720 chars]...",https://www.gamesindustry.biz/battlefield-6-sells-over-7m-units-across-pc-and-console-in-five-days,GamesIndustry.biz,미국 기술,us,2025-10-15T12:51:27Z,2025-10-17T17:57:55.207432,Sophie McEvoy
미국 기술_18,Study Reveals The Surprising Age at Which Your Brain Reaches Its Peak - ScienceAlert,"As your youth fades further into the past, you may start to fear growing older.","As your youth fades further into the past, you may start to fear growing older.
But research my colleague and I have recently published in the journal Intelligence shows there's also very good reaso… [+5338 chars]...",https://www.sciencealert.com/study-reveals-the-surprising-age-at-which-your-brain-reaches-its-peak,ScienceAlert,미국 기술,us,2025-10-15T12:02:08Z,2025-10-17T17:57:55.207434,The Conversation
미국 기술_19,Two New Windows Zero-Days Exploited in the Wild — One Affects Every Version Ever Shipped - The Hacker News,"Microsoft’s October 2025 Patch Tuesday fixes 183 flaws, including three exploited zero-days and two 9.9 CVSS bugs.","Microsoft on Tuesday released fixes for a whopping 183 security flaws spanning its products, including three vulnerabilities that have come under active exploitation in the wild, as the tech giant of… [+7126 chars]...",https://thehackernews.com/2025/10/two-new-windows-zero-days-exploited-in.html,Internet,미국 기술,us,2025-10-15T09:23:00Z,2025-10-17T17:57:55.207436,The Hacker News
미국 경제_0,Trump to expand government stake in strategic sectors to combat China - The Washington Post,"Greater domestic mining and processing of rare earth minerals is an especially urgent priority in battling Chinese competition, the treasury secretary said.","Greater domestic mining and processing of rare earth minerals is an especially urgent priority in battling Chinese competition, the treasury secretary said.
October 15, 2025 at 5:36 p.m. EDT44 minut… [+5 chars]...",https://www.washingtonpost.com/business/2025/10/15/trump-targets-strategic-industries/,The Washington Post,미국 경제,us,2025-10-16T01:24:15Z,2025-10-17T17:57:55.532486,David J. Lynch
미국 경제_1,Banks and Private Credit Clash After Dimon’s Cockroach Barb - Bloomberg.com,"On Wall Street, everyone’s a friendly rival until the losses start.","On Wall Street, everyones a friendly rival until the losses start.
A pair of blowups in the credit market have sparked a war of words over whether banks or private credit firms are better positioned… [+30 chars]...",https://www.bloomberg.com/news/articles/2025-10-15/dimon-s-cockroach-barb-ruptures-uneasy-truce-with-private-credit,Bloomberg,미국 경제,us,2025-10-16T00:02:00Z,2025-10-17T17:57:55.532510,Sridhar Natarajan
미국 경제_2,Ken Griffin Says GenAI Fails to Help Hedge Funds Produce Alpha - Bloomberg.com,"Generative artificial intelligence isn’t helping hedge funds produce market-beating returns and isn’t meaningfully impacting the industry so far, according to billionaire Ken Griffin.","Generative artificial intelligence isnt helping hedge funds produce market-beating returns and isnt meaningfully impacting the industry so far, according to billionaire Ken Griffin. 
With GenAI ther… [+215 chars]...",https://www.bloomberg.com/news/articles/2025-10-15/ken-griffin-says-genai-fails-to-help-hedge-funds-produce-alpha,Bloomberg,미국 경제,us,2025-10-15T23:51:56Z,2025-10-17T17:57:55.532515,Hema Parmar
미국 경제_3,YouTube Goes Down Around The World Frustrates Millions - | Cord Cutters News,"In a surprising turn of events, YouTube, the world’s largest video-sharing platform, experienced a widespread outage that began early this morning, affecting users across the United States and around the globe. The disruption, which started around 7:30 PM EDT…","In a surprising turn of events, YouTube, the worlds largest video-sharing platform, experienced a widespread outage that began early this morning, affecting users across the United States and around … [+2951 chars]...",https://cordcuttersnews.com/youtube-goes-down-around-the-world-frustrates-millions/,"Cord Cutters News, LLC",미국 경제,us,2025-10-15T23:32:51Z,2025-10-17T17:57:55.532519,Luke Bouma
미국 경제_4,Asian Stocks Set to Track Wall Street Volatility: Markets Wrap - Bloomberg.com,Asian stocks advanced as investors shifted their focus to tech bets after a week largely defined by the threat of a US-China trade war.,"Asian stocks advanced as investors shifted their focus to tech bets after a week largely defined by the threat of a US-China trade war.
An MSCI gauge of regional shares rose as much as 1.1% as bench… [+315 chars]...",https://www.bloomberg.com/news/articles/2025-10-15/stock-market-today-dow-s-p-live-updates,Bloomberg,미국 경제,us,2025-10-15T23:28:45Z,2025-10-17T17:57:55.532523,Anand Krishnamoorthy
미국 경제_5,Stock futures are little changed as earnings season heats up: Live updates - CNBC,"Stocks saw choppy trading day on Wednesday, but the S&P 500 ended in the green as big banks turned in strong earnings.",U.S. stock futures were little changed Wednesday night after strong bank earnings shifted investor focus from risks both at home and abroad as a U.S. government shutdown heads into its third week and… [+3108 chars]...,https://www.cnbc.com/2025/10/15/stock-market-today-live-updates.html,CNBC,미국 경제,us,2025-10-15T23:10:00Z,2025-10-17T17:57:55.532528,Pia Singh
미국 경제_7,Netherland's renewables drive putting pressure on its power grid - BBC,Homes asked to use less electricity as network is overloaded by the rush to wind and solar power.,"John LaurensonBusiness reporter, Rotterdam
The Netherlands has raced to switch to wind and solar power
In a Dutch government TV campaign called ""Flip the Switch"" an actress warns viewers about thei… [+7409 chars]...",https://www.bbc.com/news/articles/cn40y9yxkgvo,BBC News,미국 경제,us,2025-10-15T23:04:37Z,2025-10-17T17:57:55.532541,
미국 경제_8,Salesforce CEO’s next move could rattle $150 billion tech giant - Yahoo Finance,"Say what you want about Salesforce CEO Marc Benioff, but one thing is certain: He rarely mutes the mic. The veteran tech leader is perhaps the most vocal...","Say what you want about Salesforce CEO Marc Benioff, but one thing is certain: He rarely mutes the mic.
The veteran tech leader is perhaps the most vocal advocate for AI, championing it as the most … [+4871 chars]...",https://www.thestreet.com/technology/salesforce-ceos-next-move-could-rattle-22-year-old-software-giant,TheStreet,미국 경제,us,2025-10-15T21:33:00Z,2025-10-17T17:57:55.532545,Moz Farooque
미국 경제_9,"ASML Stock Rises On Strong Orders, 2026 Outlook - Investor's Business Daily",ASML delivered mixed Q3 results but rallied on strong orders and upbeat 2026 guidance.,"Semiconductor equipment giant ASML (ASML) on Wednesday delivered mixed results for the third quarter but reported strong orders and gave upbeat 2026 guidance. ASML stock rose on the news.
The Dutch … [+2560 chars]...",https://www.investors.com/news/technology/asml-stock-q3-2025-earnings-report/,Investor's Business Daily,미국 경제,us,2025-10-15T20:24:00Z,2025-10-17T17:57:55.532549,"PATRICK SEITZ, Investor's Business Daily"
미국 경제_10,"OpenAI Plans Sexually Explicit ChatGPT Content, Move Slammed by NCOSE - Variety",OpenAI has announced plans to introduce sexually explicit 'erotica' on ChatGPT -- a move that conservative advocacy group NCOSE says risks introducing 'real mental health harms from synthetic intimacy' without appropriate safeguards.,Artificial-intelligence tech giant OpenAI has announced plans to introduce sexually explicit material for its ChatGPT AI-based chatbot later this year — a move that a conservative advocacy group says… [+3492 chars]...,https://variety.com/2025/digital/news/openai-erotica-chatgpt-anti-porn-group-ncose-1236553925/,Variety,미국 경제,us,2025-10-15T20:03:00Z,2025-10-17T17:57:55.532554,Todd Spangler
미국 경제_11,"United Airlines' summer earnings and profit outlook top estimates, but revenue falls short - CNBC",United Airlines said it expects per-share adjusted earnings of $3 to $3.50 for the fourth quarter.,"United Airlines on Wednesday forecast higher-than-expected earnings for the fourth quarter after a rocky start to 2025.
The carrier expects to earn between $3 and $3.50 a share for the last three mo… [+2401 chars]...",https://www.cnbc.com/2025/10/15/united-airlines-ual-3q-2025-earnings.html,CNBC,미국 경제,us,2025-10-15T20:02:17Z,2025-10-17T17:57:55.532558,Leslie Josephs
미국 경제_12,Bank of America and BNY sued over financial ties to Jeffrey Epstein - Financial Times,Victim claims BofA ‘participated in and financially benefited’ from late financier’s sex-trafficking operation,"FT Digital Edition: todays FT, cover to cover on any device. This subscription does not include access to ft.com or the FT App.
<ul><li>FT Digital Edition: our digitised print edition</li><li>Global… [+201 chars]...",https://www.ft.com/content/920bec1a-0fc6-4aae-aa2e-efbabd15feb8,Financial Times,미국 경제,us,2025-10-15T19:34:34Z,2025-10-17T17:57:55.532562,Akila Quinio
미국 경제_13,"Trump-Allied Erebor Gains Federal Charter for Crypto Bank, Shaking Up Stablecoin Wars - Decrypt","The bank, backed by some of Silicon Valley’s most prominent White House allies, now boasts a key advantage in the race to dominate the emerging U.S. stablecoin market.","In brief
<ul><li>Erebor became the first crypto bank to win a conditional federal charter under the Trump administration, and only the second ever after Anchorage Digital.</li><li>Backed by Palmer L… [+4806 chars]...",https://decrypt.co/344456/trump-allied-erebor-gains-federal-charter-crypto-bank-stablecoin-wars,Decrypt,미국 경제,us,2025-10-15T19:24:35Z,2025-10-17T17:57:55.532565,Sander Lutz
미국 경제_14,TSMC Q3 Earnings Preview -- What To Expect From Upcoming Report - Yahoo Finance,TSMC Set To Report Strong Q3 Results As AI Chip Boom Powers Growth,"This article first appeared on GuruFocus.
Oct 15 - Taiwan Semiconductor Manufacturing Co. (NYSE:TSM) is scheduled to release its third-quarter earnings before the market opens on Thursday, with anal… [+1001 chars]...",https://finance.yahoo.com/news/tsmc-q3-earnings-preview-expect-191453717.html,Yahoo Entertainment,미국 경제,us,2025-10-15T19:14:53Z,2025-10-17T17:57:55.532580,Nauman khan
미국 경제_15,"With a Renewed Vote of Confidence, MacKenzie Scott Awards Morgan State University a Transformative $63 Million Gift - Morgan State University","Historic Donation Marks the Second Major Unrestricted Contribution from the Noted Philanthropist in Five Years, Reinforcing Morgan’s position as One of the Nation’s Fastest-Growing and Most impactful Public Research Universities","Historic Donation Marks the Second Major Unrestricted Contribution from the Noted Philanthropist in Five Years, Reinforcing Morgan’s position as One of the Nation’s Fastest-Growing and Most Impactful… [+5904 chars]...",https://www.morgan.edu/news/mackenzie-scott-awards-morgan-a-transformative-gift,Morgan.edu,미국 경제,us,2025-10-15T19:04:35Z,2025-10-17T17:57:55.532583,
미국 경제_16,"Tariffs are pushing prices higher and consumers are feeling the hit, Fed's Beige Book shows - CNBC","Companies are caught between absorbing the costs or passing them onto customers, according to a Federal Reserve report.","President Donald Trump's tariffs are pushing inflation generally higher as companies are caught between absorbing the costs or passing them onto customers, according to a Federal Reserve report Wedne… [+2105 chars]...",https://www.cnbc.com/2025/10/15/tariffs-are-pushing-prices-higher-and-consumers-are-feeling-the-hit-feds-beige-book-shows.html,CNBC,미국 경제,us,2025-10-15T18:40:50Z,2025-10-17T17:57:55.532589,Jeff Cox
미국 경제_17,Nvidia Stock Wavers After Latest Data Center Deal - Investor's Business Daily,Nvidia stock wavered Wednesday after the AI chip leader garnered additional business from British data center operator Nscale.,"Nvidia (NVDA) stock wavered Wednesday after the artificial-intelligence chip leader garnered additional business from British data center operator Nscale.
Nscale announced that it will provide about… [+2786 chars]...",https://www.investors.com/news/technology/nvidia-stock-rebounds-nscale-data-center-deal/,Investor's Business Daily,미국 경제,us,2025-10-15T18:33:00Z,2025-10-17T17:57:55.532592,"PATRICK SEITZ, Investor's Business Daily"
글로벌 주요 매체_0,Angel Reese becomes first pro athlete to star in Victoria’s Secret Fashion Show,"The WNBA player joined supermodels like Bella and Gigi Hadid, in a star-studded lineup that also featured gymnast Suni Lee and a varied cast of transgender, pregnant and plus-size models.","WNBA player Angel Reese became the first professional athlete to walk the runway at the Victorias Secret Fashion Show on Wednesday, as the lingerie label and self-proclaimed arbiter of sexiness in th… [+4095 chars]...",https://www.cnn.com/2025/10/16/style/angel-reese-victorias-secret-fashion-show,CNN,글로벌 주요 매체,global,2025-10-16T08:43:01Z,2025-10-17T17:57:57.228480,"Oscar Holland, Joyce Philippe"
글로벌 주요 매체_1,"Australia's rainforests are releasing more carbon than they absorb, warn scientists","Australia's rainforests are the first in the world to make the ""concerning"" switch, say scientists.","""Current models may overestimate the capacity of tropical forests to help offset fossil fuel emissions,"" said Dr Hannah Carle of the Western Sydney University.
With fewer new trees, the report found… [+1873 chars]...",https://www.bbc.co.uk/news/articles/cjd05mdz9pdo,BBC News,글로벌 주요 매체,global,2025-10-16T07:37:24.0231605Z,2025-10-17T17:57:57.228499,BBC News
글로벌 주요 매체_2,Grandfather relives eight-day 'nightmare' in Highland wilderness,Ian Currie had been attempting to walk from Glenfinnan to Knoydart when he got into difficulty.,"On the eighth day - 24 September - he came across an empty Lochaber Mountain Rescue vehicle, but the team's volunteers were out looking for him. 
He was finally found by Sir Patrick Grant, who owns … [+793 chars]...",https://www.bbc.co.uk/news/articles/cjr0dldp85go,BBC News,글로벌 주요 매체,global,2025-10-16T07:37:23.3826963Z,2025-10-17T17:57:57.228504,BBC News
글로벌 주요 매체_3,Chris Mason: Digesting key segments and changes in China documents,"Both this government and its Conservative predecessor had deep worries about Chinese espionage, writes the BBC's political editor.","Firstly, then, to the first document.
It includes lots of detail relating to the specific allegations against Christopher Cash and Christopher Berry, who have always denied the allegations against t… [+1419 chars]...",https://www.bbc.co.uk/news/articles/ckgyvq754q0o,BBC News,글로벌 주요 매체,global,2025-10-16T07:07:19.1488334Z,2025-10-17T17:57:57.228509,BBC News
글로벌 주요 매체_4,Hamas says it has handed over all hostage bodies it can access,"Hamas said it has handed over all hostage remains it can access, saying “significant efforts and special equipment” are needed to recover the remaining dead captives in Gaza. Follow for live updates.","The US does not believe Hamas is violating its commitments to President Donald Trumps ceasefire agreement by failing to produce the remains of hostages in Gaza, two senior US advisers said Wednesday.… [+1707 chars]...",https://www.cnn.com/world/live-news/israel-hamas-gaza-ceasefire-hostages-10-16-25,CNN,글로벌 주요 매체,global,2025-10-16T06:15:01Z,2025-10-17T17:57:57.228512,Deva Lee
글로벌 주요 매체_5,Hostage funerals give some Israeli families closure as bodies remain in Gaza,"Mourners in Jerusalem gathered at Capt. Daniel Peretz’s funeral, where Matan Angrest, a recently released hostage, paid his respects. Angrest was abducted in the same attack that killed Peretz. Over the past few days, Hamas released nine bodies of deceased ho…","JERUSALEM (AP) Two hostages released by Hamas were reunited Wednesday in a Jerusalem cemetery for a final goodbye.
Surrounded by hundreds of mourners, Matan Angrest, who had returned to Israel just … [+6901 chars]...",https://apnews.com/article/israel-hamas-war-hostages-funerals-jerusalem-8bb30a4bfebdb8533aa995aaacd4f4e9,Associated Press,글로벌 주요 매체,global,2025-10-16T05:02:37Z,2025-10-17T17:57:57.228515,"Giovanna Dell'Orto, Melanie Lidman"
글로벌 주요 매체_6,A newborn baby was found buried alive. The reason may have been her gender,"Wrapped in a towel, barely stirring, but slightly breathing, was a newborn baby girl buried beneath a foot of earth.","Her arm was the first thing Shyam Babu saw, tiny and frail, poking through the mud like a discarded doll. But this was no doll. Covered with ants and bleeding from what doctors would later suspect we… [+13082 chars]...",https://www.cnn.com/2025/10/16/india/india-shahjahanpur-newborn-girl-buried-alive-intl-hnk-dst,CNN,글로벌 주요 매체,global,2025-10-16T04:15:37Z,2025-10-17T17:57:57.228517,Rhea Mogul
글로벌 주요 매체_7,Senate Democrats ready to reject government funding bill again over health care,Senate Democrats are poised for the 10th time to reject a stopgap spending bill that would reopen the government. They are insisting they won’t back away from demands that Congress take up health care benefits. The repetition of votes on the funding bill has …,"WASHINGTON (AP) Senate Democrats are poised for the 10th time Thursday to reject a stopgap spending bill that would reopen the government, insisting they wont back away from demands that Congress tak… [+5349 chars]...",https://apnews.com/article/government-shutdown-trump-democrats-congress-02382f77ea1ba72896148555a75dc075,Associated Press,글로벌 주요 매체,global,2025-10-16T04:10:06Z,2025-10-17T17:57:57.228519,"Stephen Groves, Mary Clare Jalonick"
글로벌 주요 매체_8,Trump looks to 'get Russia done' after Gaza ceasefire in place,"With a fragile Israel-Hamas ceasefire holding, President Donald Trump says he's now focused on ending Russia's war on Ukraine. He is considering providing Kyiv with long-range Tomahawk missiles if Russian President Vladimir Putin doesn't agree to end the war …","WASHINGTON (AP) With a fragile Israel-Hamas ceasefire and hostage deal holding, President Donald Trump says hes now turning his attention to bringing Russias war on Ukraine to an end and is weighing … [+5698 chars]...",https://apnews.com/article/trump-zelenskyy-putin-russia-ukraine-e3a1d62d2a24f459aa6dbbfa940e1067,Associated Press,글로벌 주요 매체,global,2025-10-16T04:02:57Z,2025-10-17T17:57:57.228521,"Aamer Madhani, Seung Min Kim"
글로벌 주요 매체_9,"Ah, rats! Researchers say some other critter likely created Chicago’s ‘rat hole’ sidewalk landmark","Researchers think they have debunked the origin of Chicago’s so-called “rat hole,” one of the Windy City’s weirdest local landmarks.","Ah, rats!
Researchers think they have debunked the origin of Chicagos so-called rat hole, one of the Windy Citys weirdest local landmarks.
Hold on. The rat hole wasnt what you think. It wasnt some … [+2707 chars]...",https://www.cnn.com/2025/10/15/us/chicago-rat-hole-study-squirrel-hnk,CNN,글로벌 주요 매체,global,2025-10-16T03:32:54Z,2025-10-17T17:57:57.228524,Associated Press
글로벌 주요 매체_10,"Newspaper headlines: 'Chinese stole secrets' and 'Andrew, Epstein and me'",The now-collapsed case against two men accused of spying for China is front and centre for a number of the papers.,"Image caption, There is ""fresh pressure"" on the prime minister following the claims from Cummings, says the Mail, which writes that Sir Keir Starmer was also battling claims that the government playe… [+253 chars]...",https://www.bbc.co.uk/news/articles/cvg73jvd184o,BBC News,글로벌 주요 매체,global,2025-10-16T03:22:18.9758341Z,2025-10-17T17:57:57.228528,BBC News
글로벌 주요 매체_11,"Smucker sues Trader Joe’s, saying its new PB&J sandwiches are too similar to Uncrustables","The J.M. Smucker Co. is suing Trader Joe’s, alleging the grocery chain’s new frozen peanut butter and jelly sandwiches are too similar to Smucker’s Uncrustables in their design and packaging.","The J.M. Smucker Co. is suing Trader Joes, alleging the grocery chains new frozen peanut butter and jelly sandwiches are too similar to Smuckers Uncrustables in their design and packaging.
In the la… [+3504 chars]...",https://www.cnn.com/2025/10/15/business/smucker-sues-trader-joes-pbj-sandwiches-hnk,CNN,글로벌 주요 매체,global,2025-10-16T03:00:06Z,2025-10-17T17:57:57.228530,Associated Press
글로벌 주요 매체_12,Asylum hotels dilemma: The woman with a bold idea to solve it,"Instead of using private contractors to provide hotel rooms to asylum seekers, could paying councils to buy more properties be the solution?","If the government wants to change tack, it has a chance next year, when there is a break point in the 10-year contracts with the three asylum housing providers.
John Perry, policy adviser to the Cha… [+1150 chars]...",https://www.bbc.co.uk/news/articles/cdx4rrrvg8do,BBC News,글로벌 주요 매체,global,2025-10-16T02:52:13.837308Z,2025-10-17T17:57:57.228532,BBC News
글로벌 주요 매체_13,Johnson & Johnson baby powder: Thousands sue company alleging it hid talcum powder cancer risks,"The claim involves 3,000 people and focuses on internal memos and scientific reports, seen by the BBC.","A major legal claim has been filed in the UK against pharmaceutical giant Johnson &amp; Johnson, accusing the firm of knowingly selling baby powder contaminated with asbestos.
The claim involves 3,0… [+1455 chars]...",https://www.bbc.co.uk/news/articles/c797wv928g8o,BBC News,글로벌 주요 매체,global,2025-10-16T00:52:23.3372281Z,2025-10-17T17:57:57.228536,BBC News
글로벌 주요 매체_14,Patchway B&Q store closes after travellers move onto car park,"The group has been served notice to leave after setting up an unauthorised encampment, police say.","A DIY store has closed temporarily after a group of travellers illegally moved onto the site's car park.
Avon and Somerset Police were alerted to the unauthorised encampment in the car park of B&amp… [+349 chars]...",https://www.bbc.co.uk/news/articles/c93dp70vpj9o,BBC News,글로벌 주요 매체,global,2025-10-16T00:37:19.3358757Z,2025-10-17T17:57:57.228539,BBC News
글로벌 주요 매체_15,Black representation in Congress at risk in Supreme Court case,"The Supreme Court has indicated a willingness to limit race-based districts under Section 2 of the Voting Rights Act. During 2 1/2 hours of arguments on Wednesday, the court’s six conservative justices seemed inclined to effectively strike down a Black majori…",WASHINGTON (AP) A neutering by the Supreme Court of the Voting Rights Acts last remaining major provision would potentially trigger a political avalanche an event that starts narrow but gathers momen… [+7476 chars]...,https://apnews.com/article/supreme-court-voting-rights-congress-black-districts-e3c2d1077f97800bfc3a1708c812a7e1,Associated Press,글로벌 주요 매체,global,2025-10-15T23:41:38Z,2025-10-17T17:57:57.228541,"Matt Brown, Gary Fields, Nicholas Riccardi"
글로벌 주요 매체_16,Trump authorized CIA to conduct covert actions in Venezuela,President Donald Trump has confirmed that he authorized the CIA to conduct covert operations inside Venezuela. The president on Wednesday also said he's considering land operations following recent U.S. military strikes on alleged drug-smuggling boats from Ve…,WASHINGTON (AP) President Donald Trump confirmed on Wednesday that he has authorized the CIA to conduct covert operations inside Venezuela and said he was weighing carrying out land operations on the… [+3584 chars]...,https://apnews.com/article/trump-cia-covert-operations-venezuela-ecb477ac7f07d5beaf48d44dee75c5e5,Associated Press,글로벌 주요 매체,global,2025-10-15T23:35:44Z,2025-10-17T17:57:57.228543,Aamer Madhani
글로벌 주요 매체_17,Giuffre accuses 'entitled' Andrew in posthumous book,"Virginia Giuffre, who took her life earlier this year, gives her account of meeting Prince Andrew.","The book also reports two other occasions on which she alleges she had sex with Andrew - in Epstein's townhouse in New York and on Epstein's private island in the US Virgin Islands.
All three of the… [+2368 chars]...",https://www.bbc.co.uk/news/articles/c0kpjyjyrlno,BBC News,글로벌 주요 매체,global,2025-10-15T22:22:20.8982144Z,2025-10-17T17:57:57.228545,BBC News
글로벌 주요 매체_18,Celebrity Traitors episode three: Celia Imrie's fart steals the show,The veteran actress blamed nerves for her releasing wind at a tense moment during the game.,"""They've all been cowards there. Niko has been voted because he's an outsider and he's not in their celebrity world. Nothing to do with the game,"" wrote one X user.
""Niko being eliminated has sent s… [+761 chars]...",https://www.bbc.co.uk/news/articles/c4gpr5j3kgdo,BBC News,글로벌 주요 매체,global,2025-10-15T22:07:19.8663597Z,2025-10-17T17:57:57.228549,BBC News
글로벌 주요 매체_19,JD Vance defends Young Republicans over racist group chat,"The public release of a Young Republican group chat that included racist language, jokes about rape and flippant commentary on gas chambers has prompted bipartisan calls for those involved to be removed from or resign their positions. Vice President JD Vance,…","The public release of a Young Republican group chat that included racist language, jokes about rape and flippant commentary on gas chambers prompted bipartisan calls for those involved to be removed … [+4540 chars]...",https://apnews.com/article/vance-trump-republicans-racist-group-chat-young-98edef4d2fdbb8def5dad24a3ab4e0c9,Associated Press,글로벌 주요 매체,global,2025-10-15T21:44:03Z,2025-10-17T17:57:57.228551,Meg Kinnard
매일경제_0,[포토] 수교 60주년 … 한일 경제협력 2.0 시대 연다,...,,https://www.mk.co.kr/news/business/11444559,매일경제,매일경제 RSS,kr,"Fri, 17 Oct 2025 17:57:08 +09:00",2025-10-17T17:57:57.451941,매일경제
매일경제_1,HBM 대신 D램 … 가성비 따지는 AI기업들,"기존에 인공지능(AI) 서비스를 위해 반드시 필요한 것으로 알려졌던 고대역폭메모리(HBM)를 쓰지 않고 범용 D램을 사용해서 AI 반도체를 만들려는 기업들이 늘어나고 있다.
인텔은.....",,https://www.mk.co.kr/news/business/11444558,매일경제,매일경제 RSS,kr,"Fri, 17 Oct 2025 17:57:07 +09:00",2025-10-17T17:57:57.451954,매일경제
매일경제_2,6년 만에 韓 찾는 美테네시 주지사,빌 리 미국 테네시 주지사가 방한한다. 리 주지사는 SK와 LG 등 테네시주에 투자 중인 한국 기업 대표들을 만날 전망이다. 이번 방한은 리 주지사가 일을 시작한 2019년에 방문.....,,https://www.mk.co.kr/news/business/11444557,매일경제,매일경제 RSS,kr,"Fri, 17 Oct 2025 17:57:03 +09:00",2025-10-17T17:57:57.451964,매일경제
매일경제_3,"삼성 파운드리, 현대차 8나노 반도체 따내",삼성전자 파운드리(반도체 위탁생산)가 현대자동차로부터 8나노 차량용 반도체를 수주했다. 다만 이는 당초 알려진 자율주행 반도체가 아닌 하이엔드 마이크로컨트롤러(MCU) 반도체인 것.....,,https://www.mk.co.kr/news/business/11444556,매일경제,매일경제 RSS,kr,"Fri, 17 Oct 2025 17:57:03 +09:00",2025-10-17T17:57:57.451972,매일경제
매일경제_4,"글로벌 거점 훑은 무뇨스 현대차, 中·인도 공략 가속",현대자동차가 대미 관세 리스크에 대응해 글로벌 거점에서의 영향력을 골고루 키워 위기를 극복하겠단 의지를 드러냈다. 호세 무뇨스 대표이사 사장이 전 세계 주요 시장 거점을 돌며 현지.....,,https://www.mk.co.kr/news/business/11444554,매일경제,매일경제 RSS,kr,"Fri, 17 Oct 2025 17:57:02 +09:00",2025-10-17T17:57:57.451979,매일경제
매일경제_5,CJ제일제당 새 대표에 윤석환,"CJ그룹이 계열사 대표 인사를 단행해 CJ제일제당 대표이사에 윤석환 바이오사업부문 대표, CJ푸드빌 대표이사에 이건일 CJ프레시웨이 대표를 내정했다. 두 대표는 기존 바이오사업부문.....",,https://www.mk.co.kr/news/business/11444555,매일경제,매일경제 RSS,kr,"Fri, 17 Oct 2025 17:57:02 +09:00",2025-10-17T17:57:57.451987,매일경제
매일경제_6,'바이오 영토 확장' … 큰 걸음 디딘 삼성,"삼성그룹이 바이오산업을 차세대 성장 축으로 끌어올리기 위해 영토 확장에 나섰다. 삼성바이오로직스의 이번 인적분할은 단순한 조직 재편을 넘어, 그룹 차원의 바이오 밸류체인을 완성하기.....",,https://www.mk.co.kr/news/it/11444553,매일경제,매일경제 RSS,kr,"Fri, 17 Oct 2025 17:57:01 +09:00",2025-10-17T17:57:57.451998,매일경제
매일경제_7,상업지역은 토허제 '느슨' … 40억 넘는 '여의도 브라이튼'도 빠졌다,"정부가 서울 전역과 경기 12곳을 토지거래허가구역으로 묶었지만 곳곳에서 '사각지대'가 드러나고 있다. 같은 구역 내에서도 단지별·호수별로 허가 여부가 엇갈리고, 상업지역에 위치한 .....",,https://www.mk.co.kr/news/realestate/11444547,매일경제,매일경제 RSS,kr,"Fri, 17 Oct 2025 17:51:55 +09:00",2025-10-17T17:57:57.452007,매일경제
매일경제_8,남편 6천만원·부인 6천만원…각각 신용대출 받으면 합산 안돼,정부가 10·15 부동산대책을 발표하면서 예상보다 훨씬 넓은 범위를 규제지역으로 지정해 혼란이 가중되고 있다. 서울 전역과 경기도 상당 지역이 규제지역과 토지거래허가구역으로 겹겹이.....,,https://www.mk.co.kr/news/realestate/11444548,매일경제,매일경제 RSS,kr,"Fri, 17 Oct 2025 17:51:55 +09:00",2025-10-17T17:57:57.452014,매일경제
매일경제_9,금융위·국토부 엇박자에 오피스텔·상가 등 비주택 담보대출 강화 '없던일로',이재명 정부가 수도권 집값을 잡겠다며 관계 부처를 총동원해 강력한 10·15 부동산 규제책을 내놨지만 부처 간 엇박자가 나며 부동산 시장의 혼란이 커지고 있다. 국토교통부는 이번에.....,,https://www.mk.co.kr/news/economy/11444546,매일경제,매일경제 RSS,kr,"Fri, 17 Oct 2025 17:51:54 +09:00",2025-10-17T17:57:57.452024,매일경제
조선일보_0,"삼성·LG 부품 계열사, 시황 개선에 AI 신사업 ‘순풍’… 체질 개선 신호탄","<table border=""0"" cellpadding=""0"" cellspacing=""3"" width=""100%""><tr><td><img border=""0"" src=""https://www.chosun.com/resizer/v2/KAL5PSAGOQYC2N764J3XAFILIM_thumb.jpg"" /></td></tr></table>
	삼성과 LG의 전자부품 계...",,https://news.chosun.com/site/data/html_dir/2025/10/17/2025101703029.html,조선일보,조선일보 RSS,kr,"Fri, 17 Oct 2025 17:54:14 +0900",2025-10-17T17:57:57.619567,황민규 기자(조선비즈)(     )
조선일보_1,Longevity Genes from Supercentenarians Reverse Progeria Aging,"<table border=""0"" cellpadding=""0"" cellspacing=""3"" width=""100%""><tr><td><img border=""0"" src=""https://www.chosun.com/resizer/v2/XTYXSY7MHNH2JHMI4A63FUMMQI_thumb.jpg"" /></td></tr></table>
	A case of succ...",,https://news.chosun.com/site/data/html_dir/2025/10/17/2025101703022.html,조선일보,조선일보 RSS,kr,"Fri, 17 Oct 2025 17:52:08 +0900",2025-10-17T17:57:57.619589,Song Hye-jin( enavel@chosun.com   )
조선일보_2,"“110세 장수 유전자, ‘조로증’ 아이의 신체 나이 되돌렸다”","<table border=""0"" cellpadding=""0"" cellspacing=""3"" width=""100%""><tr><td><img border=""0"" src=""https://www.chosun.com/resizer/v2/XTYXSY7MHNH2JHMI4A63FUMMQI_thumb.jpg"" /></td></tr></table>
	110세 넘게 장수한 이들...",,https://news.chosun.com/site/data/html_dir/2025/10/17/2025101703015.html,조선일보,조선일보 RSS,kr,"Fri, 17 Oct 2025 17:51:26 +0900",2025-10-17T17:57:57.619597,송혜진 기자( enavel@chosun.com   )
조선일보_3,Yuhan's Antacid Exports to Vietnam Surpass 10 Billion Won,"<table border=""0"" cellpadding=""0"" cellspacing=""3"" width=""100%""><tr><td><img border=""0"" src=""https://www.chosun.com/resizer/v2/QFFJTYBELGYK7L2KSW4OGQ7YHA_thumb.jpg"" /></td></tr></table>
	■ Yuhan Corpor...",,https://news.chosun.com/site/data/html_dir/2025/10/17/2025101703010.html,조선일보,조선일보 RSS,kr,"Fri, 17 Oct 2025 17:51:14 +0900",2025-10-17T17:57:57.619605,Heo Ji-yoon(ChosunBiz)(     )
조선일보_4,"[단독] 법원 “현대건설이 보유한 시가 1250억 압구정 3구역 땅, 소유주들에게 돌려줘라”…화해 권고","<table border=""0"" cellpadding=""0"" cellspacing=""3"" width=""100%""><tr><td><img border=""0"" src=""https://www.chosun.com/resizer/v2/UZKFU745ON7JNTEWIKM3GLS6UY_thumb.jpg"" /></td></tr></table>
	법원이 현대건설이 소유권을...",,https://news.chosun.com/site/data/html_dir/2025/10/17/2025101703013.html,조선일보,조선일보 RSS,kr,"Fri, 17 Oct 2025 17:51:08 +0900",2025-10-17T17:57:57.619613,정해용 기자(조선비즈)(     )
조선일보_5,[바이오게시판] 유한양행 제산제 베트남 수출액 100억원 돌파 등,"<table border=""0"" cellpadding=""0"" cellspacing=""3"" width=""100%""><tr><td><img border=""0"" src=""https://www.chosun.com/resizer/v2/QFFJTYBELGYK7L2KSW4OGQ7YHA_thumb.jpg"" /></td></tr></table>
	■유한양행은 제산제 ‘알마...",,https://news.chosun.com/site/data/html_dir/2025/10/17/2025101703004.html,조선일보,조선일보 RSS,kr,"Fri, 17 Oct 2025 17:47:31 +0900",2025-10-17T17:57:57.619620,허지윤 기자(조선비즈)(     )
조선일보_6,"CJ그룹, 윤석환 CJ제일제당·이건일 CJ푸드빌 신임 대표이사 선임","<table border=""0"" cellpadding=""0"" cellspacing=""3"" width=""100%""><tr><td><img border=""0"" src=""https://www.chosun.com/resizer/v2/L3EVJRZWHTTFWLG6IFQ4OIESSM_thumb.jpg"" /></td></tr></table>
	CJ그룹은 2026년도 정...",,https://news.chosun.com/site/data/html_dir/2025/10/17/2025101703025.html,조선일보,조선일보 RSS,kr,"Fri, 17 Oct 2025 17:47:27 +0900",2025-10-17T17:57:57.619628,민영빈 기자(조선비즈)(     )
조선일보_7,"72억 몸값 베테랑, 충격의 엔트리 탈락...김경문 감독이 직접 밝혔다 ""안치홍 뺀 이유는..."" [PO1 현장]","<table border=""0"" cellpadding=""0"" cellspacing=""3"" width=""100%""><tr><td><img border=""0"" src=""https://www.chosun.com/resizer/v2/SOP7U2XFBJVB3QH5G56ZFIWAXQ_thumb.jpg"" /></td></tr></table>
	[대전=스포츠조선 김용 기...",,https://news.chosun.com/site/data/html_dir/2025/10/17/2025101703000.html,조선일보,조선일보 RSS,kr,"Fri, 17 Oct 2025 17:47:06 +0900",2025-10-17T17:57:57.619636,스포츠조선(     )
조선일보_8,Government Cracks Down on Illegal Job Ads,"<table border=""0"" cellpadding=""0"" cellspacing=""3"" width=""100%""><tr><td><img border=""0"" src=""https://www.chosun.com/resizer/v2/AUOXIX5JC7BIVTADAXVKCK4JXI_thumb.jpg"" /></td></tr></table>
	The Korea Medi...",,https://news.chosun.com/site/data/html_dir/2025/10/17/2025101702998.html,조선일보,조선일보 RSS,kr,"Fri, 17 Oct 2025 17:46:09 +0900",2025-10-17T17:57:57.619643,Kim Kang-han( kimstrong@chosun.com   )
조선일보_9,"정부, 동남아 불법 구인 광고 긴급 차단 나서","<table border=""0"" cellpadding=""0"" cellspacing=""3"" width=""100%""><tr><td><img border=""0"" src=""https://www.chosun.com/resizer/v2/AUOXIX5JC7BIVTADAXVKCK4JXI_thumb.jpg"" /></td></tr></table>
	방송미디어통신위원회가 캄보...",,https://news.chosun.com/site/data/html_dir/2025/10/17/2025101702997.html,조선일보,조선일보 RSS,kr,"Fri, 17 Oct 2025 17:45:20 +0900",2025-10-17T17:57:57.619653,김강한 기자( kimstrong@chosun.com   )
BBC_0,Zelensky to meet Trump at White House to ask for Tomahawk missiles,Ukraine's leader will meet Trump in Washington a day after the US president agreed to face-to-face talks with his Russian counterpart....,,https://www.bbc.com/news/articles/crmxz37nv3zo?at_medium=RSS&at_campaign=rss,BBC,BBC RSS,gb,"Fri, 17 Oct 2025 07:40:01 GMT",2025-10-17T17:57:58.179536,Unknown
BBC_1,HIV protection jab to be offered on NHS in England and Wales for first time,"The shot, given six times a year or every other month, is an alternative to taking daily pills to protect against ever catching the virus....",,https://www.bbc.com/news/articles/c803egy217xo?at_medium=RSS&at_campaign=rss,BBC,BBC RSS,gb,"Fri, 17 Oct 2025 08:18:39 GMT",2025-10-17T17:57:58.179551,Unknown
BBC_2,Housing designed to combat loneliness wins top architecture award,Appleby Blue Almshouse in London wins the Royal Institute of British Architects' Stirling Prize....,,https://www.bbc.com/news/articles/c4gwlz6k96no?at_medium=RSS&at_campaign=rss,BBC,BBC RSS,gb,"Thu, 16 Oct 2025 22:13:48 GMT",2025-10-17T17:57:58.179560,Unknown
BBC_3,Former Trump adviser John Bolton criminally indicted,Bolton is the third of the US president's political opponents to face charges in recent weeks....,,https://www.bbc.com/news/articles/cgql2qzkz5zo?at_medium=RSS&at_campaign=rss,BBC,BBC RSS,gb,"Fri, 17 Oct 2025 08:55:54 GMT",2025-10-17T17:57:58.179579,Unknown
BBC_4,What Alan Carr’s sweat (and Celia Imrie’s fart) tell us about social taboos in 2025,"Let's talk about sweat... From Alan Carr and scores of celebrities openly discussing it, to the trend of professionals using saunas for business meetings...",,https://www.bbc.com/news/articles/cwy51pgql7eo?at_medium=RSS&at_campaign=rss,BBC,BBC RSS,gb,"Fri, 17 Oct 2025 00:47:10 GMT",2025-10-17T17:57:58.179590,Unknown
BBC_5,Author of I Want To Die But I Want To Eat Tteokbokki dies at 35,South Korean writer Baek Se-hee was known for her 2018 bestselling memoir  about her struggle with depression....,,https://www.bbc.com/news/articles/cpq1dy8w3jwo?at_medium=RSS&at_campaign=rss,BBC,BBC RSS,gb,"Fri, 17 Oct 2025 06:20:46 GMT",2025-10-17T17:57:58.179599,Unknown
BBC_6,Five takeaways from NYC mayoral debate as Mamdani and Cuomo clash,The three leading candidates for New York City mayor have been making their case to lead America's biggest city....,,https://www.bbc.com/news/articles/cn8xlx53jn6o?at_medium=RSS&at_campaign=rss,BBC,BBC RSS,gb,"Fri, 17 Oct 2025 02:43:13 GMT",2025-10-17T17:57:58.179608,Unknown
BBC_7,Reese Witherspoon on writing a thriller: 'What do girls in bikinis have to do with solving crime?',"The actress talks about co-writing her debut thriller, about a female surgeon, with Harlan Coben....",,https://www.bbc.com/news/articles/cn0gl91dwr2o?at_medium=RSS&at_campaign=rss,BBC,BBC RSS,gb,"Thu, 16 Oct 2025 23:44:48 GMT",2025-10-17T17:57:58.179616,Unknown
BBC_8,US-backed aid group suspends Gaza operations after ceasefire,The US and Israeli-backed GHF group was heavily criticised before it announced a “pause” on its operations....,,https://www.bbc.com/news/articles/cgjd783ywn3o?at_medium=RSS&at_campaign=rss,BBC,BBC RSS,gb,"Thu, 16 Oct 2025 19:58:28 GMT",2025-10-17T17:57:58.179625,Unknown
BBC_9,Family of British girl missing for 55 years gives ultimatum to person of interest,Authorities believe three-year-old was abducted from Fairy Meadow beach in Wollongong in January 1970....,,https://www.bbc.com/news/articles/c1e374lgn0wo?at_medium=RSS&at_campaign=rss,BBC,BBC RSS,gb,"Fri, 17 Oct 2025 06:41:03 GMT",2025-10-17T17:57:58.179633,Unknown
Guardian_0,Four dead as Kenyan security forces fire on crowds mourning Raila Odinga,"<p>Thousands gather in Nairobi to pay respects to veteran opposition leader, prompting chaotic scenes at stadium</p><p>Four people have been killed in Kenya’s capital, Nairobi, after security forces f...",,https://www.theguardian.com/world/2025/oct/16/kenya-security-fire-on-crowds-mourning-raila-odinga,Guardian,Guardian RSS,gb,"Thu, 16 Oct 2025 17:24:59 GMT",2025-10-17T17:57:58.362349,Reuters in Nairobi
Guardian_1,Agnes Wanjiru’s niece urges Labour to extradite ex-soldier while still in power,"<p>Esther Njoki says family has seen ‘big change’ under Labour, after long fight for justice over aunt’s 2012 death in Kenya</p><p>The niece of Agnes Wanjiru, who was killed in Kenya, said she hopes t...",,https://www.theguardian.com/world/2025/oct/16/agnes-wanjiru-niece-urges-labour-extradite-ex-soldier-kenya,Guardian,Guardian RSS,gb,"Thu, 16 Oct 2025 04:00:57 GMT",2025-10-17T17:57:58.362363,Hannah Al-Othman North of England correspondent
Guardian_2,African Union suspends Madagascar as military leader set to be sworn in as president,"<p>Army assumed power after parliament voted to impeach Andry Rajoelina following widespread protests</p><p>Madagascar’s new military ruler will be sworn in as the country’s president on Friday, the m...",,https://www.theguardian.com/world/2025/oct/15/madagascar-to-swear-in-military-leader-as-president-on-friday,Guardian,Guardian RSS,gb,"Wed, 15 Oct 2025 19:07:36 GMT",2025-10-17T17:57:58.362372,Guardian staff and agencies in Antananarivo
Guardian_3,"Raila Odinga, towering Kenyan opposition figure, dies aged 80","<p>Odinga, who ran five times for presidency and had profound influence on Kenyan politics, has died in India</p><p>The veteran Kenyan opposition leader Raila Odinga, who ran five times for the presid...",,https://www.theguardian.com/world/2025/oct/15/raila-odinga-former-kenya-pm-dies,Guardian,Guardian RSS,gb,"Wed, 15 Oct 2025 13:28:49 GMT",2025-10-17T17:57:58.362380,Carlos Mureithi in Nairobi
Guardian_4,"Thousands trapped in El Fasher siege on ‘edge of survival’, says report",<p>The city – the Sudanese army’s last stronghold in the west of the country – has withstood more than 500 days of attacks by paramilitary RSF</p><p>The besieged Sudanese city of El Fasher has been de...,,https://www.theguardian.com/global-development/2025/oct/15/thousands-trapped-in-el-fasher-sudan-siege-on-edge-of-survival-says-report-rsf,Guardian,Guardian RSS,gb,"Wed, 15 Oct 2025 07:00:17 GMT",2025-10-17T17:57:58.362388,Mark Townsend
Guardian_5,Peru to declare state of emergency after protests against new president leave one dead and dozens injured,<p>Demonstrators clashed with police outside congress building amid public anger at crime crisis days after José Jerí assumed power </p><p>Peru is set to declare a state of emergency after at least on...,,https://www.theguardian.com/world/2025/oct/17/peru-protests-state-emergency-president-jose-jeri,Guardian,Guardian RSS,gb,"Fri, 17 Oct 2025 04:46:41 GMT",2025-10-17T17:57:58.362399,Reuters
Guardian_6,Survivors reported after latest US attack on alleged drug boat in Caribbean,"<p>It is unknown whether US military rendered aid to survivors after attack on suspected ‘narcoterrorist’ vessel</p><p>The <a href=""https://www.theguardian.com/us-news/us-military"">US military</a> car...",,https://www.theguardian.com/us-news/2025/oct/16/survivors-attack-drug-boat-caribbean,Guardian,Guardian RSS,gb,"Fri, 17 Oct 2025 01:12:51 GMT",2025-10-17T17:57:58.362407,Reuters
Guardian_7,"Brazil to ask countries at Cop30 to vastly increase biofuel use, leak suggests",<p>Exclusive: Document sets draft pledge for leaders gathering at climate summit to increase use of controversial fuels</p><p>Brazil will ask countries to quadruple the global use of “sustainable fuel...,,https://www.theguardian.com/environment/2025/oct/16/brazil-ask-countries-quadruple-biofuel-use-leak-suggests,Guardian,Guardian RSS,gb,"Thu, 16 Oct 2025 18:04:45 GMT",2025-10-17T17:57:58.362415,Fiona Harvey and Jonathan Watts
Guardian_8,Trinidad citizens believed killed in US airstrike off Venezuela coast identified,"<p>Rishi Samaroo and Chad ‘Charpo’ Joseph believed to have been on boat Trump alleged was carrying drugs to US</p><p>Family members and neighbours have identified two men from <a href=""https://www.the...",,https://www.theguardian.com/world/2025/oct/16/airstrike-venezuela-trinidad-us-death-investigation,Guardian,Guardian RSS,gb,"Thu, 16 Oct 2025 17:46:23 GMT",2025-10-17T17:57:58.362423,"Natricia Duncan in Kingston, Kejan Haynes in Port of Spain and agencies"
Guardian_9,Indigenous and environmental leaders in Ecuador say they are facing state intimidation,<p>Critics say referendum on rewriting country’s eco-friendly constitution is president’s latest pro-extractivist move</p><p>Indigenous and environmental leaders in Ecuador say they are facing a wave ...,,https://www.theguardian.com/world/2025/oct/16/indigenous-and-environmental-leaders-in-ecuador-say-they-are-facing-state-intimidation,Guardian,Guardian RSS,gb,"Thu, 16 Oct 2025 16:00:46 GMT",2025-10-17T17:57:58.362430,Jonathan Watts
CNN_0,Trump pleads not guilty to 34 felony counts,Trump pleads not guilty to 34 felony counts...,,https://edition.cnn.com/webview/politics/live-news/trump-indictment-stormy-daniels-news-04-03-23/index.html,CNN,CNN RSS,us,2025-10-17T17:57:59.156143,2025-10-17T17:57:59.156163,Unknown
CNN_1,Haberman reveals why Trump attacked judge and his family in speech,CNN political contributor Maggie Haberman explains the reasoning behind Donald Trump's attacks on the judge and his family during a speech at his Mar-a-Lago resort after he was arraigned on felony cha...,,https://www.cnn.com/videos/politics/2023/04/05/maggie-haberman-donald-trump-speech-indictment-reaction-sot-cnntm-vpx.cnn,CNN,CNN RSS,us,"Wed, 05 Apr 2023 13:30:09 GMT",2025-10-17T17:57:59.156174,Unknown
CNN_2,What to know about the Trump indictment on the eve of his court appearance,What to know about the Trump indictment on the eve of his court appearance...,,https://www.cnn.com/collections/intl-trump-040223/,CNN,CNN RSS,us,"Wed, 05 Apr 2023 22:50:06 GMT",2025-10-17T17:57:59.156185,Unknown
CNN_3,READ: Trump indictment related to hush money payment,READ: Trump indictment related to hush money payment...,,https://cnn.it/411KYN7,CNN,CNN RSS,us,2025-10-17T17:57:59.156197,2025-10-17T17:57:59.156200,Unknown
CNN_4,Russian authorities detain suspect over St. Petersburg cafe blast,Russian authorities detain suspect over St. Petersburg cafe blast...,,https://edition.cnn.com/webview/europe/live-news/russia-ukraine-war-news-04-03-23/index.html,CNN,CNN RSS,us,2025-10-17T17:57:59.156208,2025-10-17T17:57:59.156211,Unknown
CNN_5,Video shows moment of deadly explosion at cafe in Russia,"A well-known Russian military blogger, Vladlen Tatarsky, was killed in an explosion at a cafe in St. Petersburg, authorities said. CNN's Matthew Chance reports....",,https://www.cnn.com/videos/world/2023/04/02/russian-military-blogger-vladlen-tatarsky-killed-cafe-explosion-chance-vpx.cnn,CNN,CNN RSS,us,"Tue, 04 Apr 2023 01:08:44 GMT",2025-10-17T17:57:59.156220,Unknown
CNN_6,"Wall Street Journal reporter Evan Gershkovich appeals against arrest, Russian state media says","Wall Street Journal reporter Evan Gershkovich appeals against arrest, Russian state media says...",,https://www.cnn.com/collections/intl-ukraine-030423/,CNN,CNN RSS,us,"Mon, 03 Apr 2023 13:58:58 GMT",2025-10-17T17:57:59.156229,Unknown
CNN_7,Suspected Chinese spy balloon was able to transmit information back to Beijing,"The suspected Chinese spy balloon that transited the US earlier this year was able to capture imagery and collect some signals intelligence from US military sites, a source familiar with the matter te...",,https://www.cnn.com/2023/04/03/politics/chinese-spy-balloon/index.html,CNN,CNN RSS,us,"Mon, 03 Apr 2023 13:38:22 GMT",2025-10-17T17:57:59.156238,Unknown
CNN_8,Beijing promised to 'fight back' over Taiwan leader's US visit. But this time it has more to lose,An anticipated meeting between Taiwan's President Tsai Ing-wen and US House Speaker Kevin McCarthy in California this week has sparked concerns of a repeat of the pressure campaign China launched last...,,https://www.cnn.com/2023/04/04/asia/tsai-ing-wen-taiwan-mccarthy-meeting-analysis-intl-hnk/index.html,CNN,CNN RSS,us,"Tue, 04 Apr 2023 07:49:53 GMT",2025-10-17T17:57:59.156246,Unknown
CNN_9,"'Scary, cold, hungry and lonely': Volunteer soldier shares experience on front line","A young volunteer soldier, Akula, who signed up for the war at the beginning of the Russian invasion is now dealing with the trauma of war. He spoke to CNN's David McKenzie about his time on the front...",,https://www.cnn.com/videos/world/2023/04/03/soldiers-russia-ukraine-war-david-mckenzie-pkg-ovn-intl-ldn-vpx.cnn,CNN,CNN RSS,us,"Mon, 03 Apr 2023 12:13:24 GMT",2025-10-17T17:57:59.156255,Unknown
